-- FILL USUARIO

INSERT INTO USUARIO (NOMBRE, APELLIDO, CORREO, CONTRASENA) VALUES ('Ana', 'García', 'ana.garcia@email.com', 'contrasena123');
INSERT INTO USUARIO (NOMBRE, APELLIDO, CORREO, CONTRASENA) VALUES ('Luis', 'Martínez', 'luis.martinez@email.com', 'contrasena123');
INSERT INTO USUARIO (NOMBRE, APELLIDO, CORREO, CONTRASENA) VALUES ('Sofía', 'López', 'sofia.lopez@email.com', 'contrasena123');
INSERT INTO USUARIO (NOMBRE, APELLIDO, CORREO, CONTRASENA) VALUES ('Carlos', 'Hernández', 'carlos.hernandez@email.com', 'contrasena123');
INSERT INTO USUARIO (NOMBRE, APELLIDO, CORREO, CONTRASENA) VALUES ('Elena', 'Pérez', 'elena.perez@email.com', 'contrasena123');

-- FILL PERFIL

INSERT INTO PERFIL (USUARIO_ID, FOTO, DIRECCION, TELEFONO) VALUES (1, 'foto1.jpg', 'Dirección 1', '1234567890');
INSERT INTO PERFIL (USUARIO_ID, FOTO, DIRECCION, TELEFONO) VALUES (2, 'foto2.jpg', 'Dirección 2', '1234567891');
INSERT INTO PERFIL (USUARIO_ID, FOTO, DIRECCION, TELEFONO) VALUES (3, 'foto3.jpg', 'Dirección 3', '1234567892');
INSERT INTO PERFIL (USUARIO_ID, FOTO, DIRECCION, TELEFONO) VALUES (4, 'foto4.jpg', 'Dirección 4', '1234567893');
INSERT INTO PERFIL (USUARIO_ID, FOTO, DIRECCION, TELEFONO) VALUES (5, 'foto5.jpg', 'Dirección 5', '1234567894');

-- FILL COMPRADOR

INSERT INTO COMPRADOR (USUARIO_ID) VALUES (1);
INSERT INTO COMPRADOR (USUARIO_ID) VALUES (2);
INSERT INTO COMPRADOR (USUARIO_ID) VALUES (3);
INSERT INTO COMPRADOR (USUARIO_ID) VALUES (4);
INSERT INTO COMPRADOR (USUARIO_ID) VALUES (5);


-- FILL VENDEDOR

INSERT INTO VENDEDOR (USUARIO_ID) VALUES (1);
INSERT INTO VENDEDOR (USUARIO_ID) VALUES (2);
INSERT INTO VENDEDOR (USUARIO_ID) VALUES (3);
INSERT INTO VENDEDOR (USUARIO_ID) VALUES (4);
INSERT INTO VENDEDOR (USUARIO_ID) VALUES (5);

-- FILL ADMINISTRADOR

INSERT INTO ADMINISTRADOR (USUARIO_ID) VALUES (1);
INSERT INTO ADMINISTRADOR (USUARIO_ID) VALUES (2);
INSERT INTO ADMINISTRADOR (USUARIO_ID) VALUES (3);
INSERT INTO ADMINISTRADOR (USUARIO_ID) VALUES (4);
INSERT INTO ADMINISTRADOR (USUARIO_ID) VALUES (5);

-- FILL PRODUCTO

INSERT INTO PRODUCTO (VENDEDOR_ID, NOMBRE, DESCRIPCION, PRECIO, VENDEDOR_USUARIO_ID) VALUES (1, 'Producto 1', 'Descripción 1', 100, 1);
INSERT INTO PRODUCTO (VENDEDOR_ID, NOMBRE, DESCRIPCION, PRECIO, VENDEDOR_USUARIO_ID) VALUES (2, 'Producto 2', 'Descripción 2', 200, 2);
INSERT INTO PRODUCTO (VENDEDOR_ID, NOMBRE, DESCRIPCION, PRECIO, VENDEDOR_USUARIO_ID) VALUES (3, 'Producto 3', 'Descripción 3', 300, 3);
INSERT INTO PRODUCTO (VENDEDOR_ID, NOMBRE, DESCRIPCION, PRECIO, VENDEDOR_USUARIO_ID) VALUES (4, 'Producto 4', 'Descripción 4', 400, 4);
INSERT INTO PRODUCTO (VENDEDOR_ID, NOMBRE, DESCRIPCION, PRECIO, VENDEDOR_USUARIO_ID) VALUES (5, 'Producto 5', 'Descripción 5', 500, 5);

-- TIPO

INSERT INTO TIPO (VRSION_CMPTBLE, TIPO, PRODUCTO_ID, PRODUCTO_VENDEDOR_ID) VALUES ('v1.0', 'PLUGIN', 1, 1);
INSERT INTO TIPO (VRSION_CMPTBLE, TIPO, PRODUCTO_ID, PRODUCTO_VENDEDOR_ID) VALUES ('v1.1', 'PLUGIN', 2, 2);
INSERT INTO TIPO (VRSION_CMPTBLE, TIPO, PRODUCTO_ID, PRODUCTO_VENDEDOR_ID) VALUES ('v1.2', 'PLUGIN', 3, 3);
INSERT INTO TIPO (VRSION_CMPTBLE, TIPO, PRODUCTO_ID, PRODUCTO_VENDEDOR_ID) VALUES ('v1.3', 'SCHEMATIC', 4, 4);
INSERT INTO TIPO (VRSION_CMPTBLE, TIPO, PRODUCTO_ID, PRODUCTO_VENDEDOR_ID) VALUES ('v1.4', 'SCHEMATIC', 5, 5);

-- PLUGIN

INSERT INTO PLUGIN (TIPO_ID, VERSION) VALUES (1, 10);
INSERT INTO PLUGIN (TIPO_ID, VERSION) VALUES (2, 20);
INSERT INTO PLUGIN (TIPO_ID, VERSION) VALUES (3, 30);

-- SCHEMATIC

INSERT INTO SCHEMATIC (TIPO_ID, DIMENSIONES) VALUES (4, '10x10');
INSERT INTO SCHEMATIC (TIPO_ID, DIMENSIONES) VALUES (5, '20x20');

-- FILL SOPORTE

INSERT INTO SOPORTE (MENSAJE, USUARIO_ID) VALUES ('Soporte 1', 1);
INSERT INTO SOPORTE (MENSAJE, USUARIO_ID) VALUES ('Soporte 2', 2);
INSERT INTO SOPORTE (MENSAJE, USUARIO_ID) VALUES ('Soporte 3', 1);
INSERT INTO SOPORTE (MENSAJE, USUARIO_ID) VALUES ('Soporte 4', 4);
INSERT INTO SOPORTE (MENSAJE, USUARIO_ID) VALUES ('Soporte 5', 4);

-- FILL RESPUESTA

INSERT INTO RESPUESTA (SOPORTE_ID, MENSAJE, TIPO, USUARIO_ID, ADMINISTRADOR_ID) VALUES (1, 'Respuesta 1', 'USUARIO', 1, null);
INSERT INTO RESPUESTA (SOPORTE_ID, MENSAJE, TIPO, USUARIO_ID, ADMINISTRADOR_ID) VALUES (2, 'Respuesta 1', 'USUARIO', 2, null);
INSERT INTO RESPUESTA (SOPORTE_ID, MENSAJE, TIPO, USUARIO_ID, ADMINISTRADOR_ID) VALUES (2, 'Respuesta 2', 'ADMINISTRADOR', null, 5);
INSERT INTO RESPUESTA (SOPORTE_ID, MENSAJE, TIPO, USUARIO_ID, ADMINISTRADOR_ID) VALUES (4, 'Respuesta 1', 'ADMINISTRADOR', null, 3);
INSERT INTO RESPUESTA (SOPORTE_ID, MENSAJE, TIPO, USUARIO_ID, ADMINISTRADOR_ID) VALUES (4, 'Respuesta 2', 'USUARIO', 4, null);

-- FILL VALORACION

INSERT INTO VALORACION (COMPRADOR_ID, PRODUCTO_ID, ESTRELLAS, COMENTARIO, PRODUCTO_VENDEDOR_ID) VALUES (5, 1, 5, 'Excelente', 1);
INSERT INTO VALORACION (COMPRADOR_ID, PRODUCTO_ID, ESTRELLAS, COMENTARIO, PRODUCTO_VENDEDOR_ID) VALUES (3, 2, 4, 'Bueno', 2);
INSERT INTO VALORACION (COMPRADOR_ID, PRODUCTO_ID, ESTRELLAS, COMENTARIO, PRODUCTO_VENDEDOR_ID) VALUES (4, 3, 3, 'Regular', 3);
INSERT INTO VALORACION (COMPRADOR_ID, PRODUCTO_ID, ESTRELLAS, COMENTARIO, PRODUCTO_VENDEDOR_ID) VALUES (1, 4, 4, 'Malo', 4);
INSERT INTO VALORACION (COMPRADOR_ID, PRODUCTO_ID, ESTRELLAS, COMENTARIO, PRODUCTO_VENDEDOR_ID) VALUES (2, 5, 3, 'Terrible', 5);
INSERT INTO VALORACION (COMPRADOR_ID, PRODUCTO_ID, ESTRELLAS, COMENTARIO, PRODUCTO_VENDEDOR_ID) VALUES (2, 1, 2, 'Terrible', 1);

-- FILL DESCARGA

INSERT INTO DESCARGA (COMPRADOR_ID, PRODUCTO_ID, PRODUCTO_VENDEDOR_ID) VALUES (1, 4, 4);
INSERT INTO DESCARGA (COMPRADOR_ID, PRODUCTO_ID, PRODUCTO_VENDEDOR_ID) VALUES (2, 5, 5);
INSERT INTO DESCARGA (COMPRADOR_ID, PRODUCTO_ID, PRODUCTO_VENDEDOR_ID) VALUES (3, 2, 2);
INSERT INTO DESCARGA (COMPRADOR_ID, PRODUCTO_ID, PRODUCTO_VENDEDOR_ID) VALUES (4, 3, 3);
INSERT INTO DESCARGA (COMPRADOR_ID, PRODUCTO_ID, PRODUCTO_VENDEDOR_ID) VALUES (5, 1, 1);

-- FILL CARRITO

INSERT INTO CARRITO (COMPRADOR_ID, PRECIO_TOTAL) VALUES (1, 400);
INSERT INTO CARRITO (COMPRADOR_ID, PRECIO_TOTAL) VALUES (2, 900);
INSERT INTO CARRITO (COMPRADOR_ID, PRECIO_TOTAL) VALUES (3, 100);
INSERT INTO CARRITO (COMPRADOR_ID, PRECIO_TOTAL) VALUES (4, 2500);
INSERT INTO CARRITO (COMPRADOR_ID, PRECIO_TOTAL) VALUES (5, 800);

-- FILL PRDCTO_CARRITO

INSERT INTO PRDCTO_CRRTO (CARRITO_ID, PRODUCTO_ID, CANTIDAD, CARRITO_COMPRADOR_ID, PRODUCTO_VENDEDOR_ID) VALUES (1, 2, 2, 1, 2);
INSERT INTO PRDCTO_CRRTO (CARRITO_ID, PRODUCTO_ID, CANTIDAD, CARRITO_COMPRADOR_ID, PRODUCTO_VENDEDOR_ID) VALUES (2, 3, 3, 2, 3);
INSERT INTO PRDCTO_CRRTO (CARRITO_ID, PRODUCTO_ID, CANTIDAD, CARRITO_COMPRADOR_ID, PRODUCTO_VENDEDOR_ID) VALUES (3, 1, 1, 3, 1);
INSERT INTO PRDCTO_CRRTO (CARRITO_ID, PRODUCTO_ID, CANTIDAD, CARRITO_COMPRADOR_ID, PRODUCTO_VENDEDOR_ID) VALUES (4, 5, 5, 4, 5);
INSERT INTO PRDCTO_CRRTO (CARRITO_ID, PRODUCTO_ID, CANTIDAD, CARRITO_COMPRADOR_ID, PRODUCTO_VENDEDOR_ID) VALUES (5, 4, 2, 5, 4);

-- METODO_PAGO

INSERT INTO METODO_PAGO (NOMBRE, DESCRIPCION) VALUES ('Tarjeta', 'Pago con tarjeta');
INSERT INTO METODO_PAGO (NOMBRE, DESCRIPCION) VALUES ('Efectivo', 'Pago en efectivo');
INSERT INTO METODO_PAGO (NOMBRE, DESCRIPCION) VALUES ('PayPal', 'Pago a través de PayPal');
INSERT INTO METODO_PAGO (NOMBRE, DESCRIPCION) VALUES ('Criptomoneda', 'Pago con criptomoneda');
INSERT INTO METODO_PAGO (NOMBRE, DESCRIPCION) VALUES ('Transferencia', 'Pago por transferencia bancaria');

-- PAGO

INSERT INTO PAGO (COMPRADOR_ID, METODO_PAGO_ID, TOTAL) VALUES (1, 3, 400);
INSERT INTO PAGO (COMPRADOR_ID, METODO_PAGO_ID, TOTAL) VALUES (2, 3, 900);
INSERT INTO PAGO (COMPRADOR_ID, METODO_PAGO_ID, TOTAL) VALUES (3, 3, 100);
INSERT INTO PAGO (COMPRADOR_ID, METODO_PAGO_ID, TOTAL) VALUES (4, 1, 2500);
INSERT INTO PAGO (COMPRADOR_ID, METODO_PAGO_ID, TOTAL) VALUES (5, 1, 800);

-- RECIBO

INSERT INTO RECIBO (PAGO_ID, COMPRADOR_ID, CARRITO_ID, PAGO_COMPRADOR_ID, PAGO_METODO_PAGO_ID, CARRITO_COMPRADOR_ID) VALUES (1, 1, 1, 1, 3, 1);
INSERT INTO RECIBO (PAGO_ID, COMPRADOR_ID, CARRITO_ID, PAGO_COMPRADOR_ID, PAGO_METODO_PAGO_ID, CARRITO_COMPRADOR_ID) VALUES (2, 2, 2, 2, 3, 2);
INSERT INTO RECIBO (PAGO_ID, COMPRADOR_ID, CARRITO_ID, PAGO_COMPRADOR_ID, PAGO_METODO_PAGO_ID, CARRITO_COMPRADOR_ID) VALUES (3, 3, 3, 3, 3, 3);
INSERT INTO RECIBO (PAGO_ID, COMPRADOR_ID, CARRITO_ID, PAGO_COMPRADOR_ID, PAGO_METODO_PAGO_ID, CARRITO_COMPRADOR_ID) VALUES (4, 4, 4, 4, 1, 4);
INSERT INTO RECIBO (PAGO_ID, COMPRADOR_ID, CARRITO_ID, PAGO_COMPRADOR_ID, PAGO_METODO_PAGO_ID, CARRITO_COMPRADOR_ID) VALUES (5, 5, 5, 5, 1, 5);

